filename; layout
BE-azerty-1.jpg; BE-azerty
BE-azerty-2.jpg; BE-azerty
BE-azerty-3.jpg; BE-azerty
BE-azerty-4.jpg; BE-azerty
BE-azerty-5.jpg; BE-azerty
BE-azerty-6.jpg; BE-azerty
INT-qwerty-1.jpg; INT-qwerty
INT-qwerty-2.jpg; INT-qwerty
INT-qwerty-3.jpg; INT-qwerty
INT-qwerty-4.jpg; INT-qwerty
INT-qwerty-5.jpg; INT-qwerty
INT-qwerty-6.jpg; INT-qwerty
US-qwerty-1.jpg; US-qwerty
US-qwerty-2.jpg; US-qwerty
US-qwerty-3.jpg; US-qwerty
US-qwerty-4.jpg; US-qwerty
US-qwerty-5.jpg; US-qwerty
US-qwerty-6.jpg; US-qwerty
